country,1960,1961,1962,1963,1964,1965,1966,1967,1968,1969,1970,1971,1972,1973,1974,1975,1976,1977,1978,1979,1980,1981,1982,1983,1984,1985,1986,1987,1988,1989,1990,1991,1992,1993,1994,1995,1996,1997,1998,1999,2000,2001,2002,2003,2004,2005,2006,2007,2008,2009,2010,2011,2012,2013,2014
Afghanistan,271,293,363,392,477,543,576,557,499,528,671,748,627,704,770,876,884,975,935,1170,924,1020,994,1220,1130,1550,1140,2020,1820,1870,1850,1720,928,895,858,825,781,726,689,495,499,491,440,601,594,862,1140,1200,2810,4950,5870,7610,6760,5750,5110
Albania,1580,1820,1960,1650,1540,1620,1900,1920,2190,2220,2480,2940,4090,3500,2420,2460,2650,2950,3290,3780,1570,3500,3150,3130,2950,2760,2870,2820,2580,4100,2170,2230,1420,1480,1610,1770,1760,1410,1630,2790,2850,3130,3640,3890,3760,3920,3550,3380,3800,3420,3490,3780,3160,3330,3860
Algeria,4370,4320,4140,4130,3780,4180,5980,6100,6540,7880,6840,7620,7260,9380,9610,11300,11000,13900,13200,15400,18600,18200,18700,22000,22800,22500,22800,25100,27300,25200,23200,26100,28700,28000,30500,27100,27400,30000,33100,22200,30900,28500,29500,32000,32800,31100,35300,38400,37400,44900,45400,47000,48600,52000,52900
Andorra,,,,,,,,,,,,,,,,,,,,,,,,,,,,,,,407,407,407,411,407,425,455,466,491,513,524,524,532,535,561,576,546,539,539,517,517,491,488,477,462
Angola,348,312,1010,1030,1040,1010,1330,799,1420,2500,1750,1650,2480,2510,2450,2180,1940,1070,2680,2770,2660,2760,2160,2540,2290,1960,1870,2930,1910,1750,2480,2280,2290,2970,1300,8420,7040,3330,2760,3710,3670,4310,5020,6840,5040,4740,7760,8810,10200,12300,13400,14400,17200,17400,19500
Antigua and Barbuda,36.7,47.7,103,84.3,91.7,150,348,565,990,1260,462,425,374,330,429,708,403,466,491,407,143,106,293,84.3,147,249,249,275,286,286,282,268,264,271,268,275,293,308,319,330,345,348,370,403,422,429,444,469,480,510,524,513,524,524,532
Argentina,41200,42200,45100,40700,45200,47400,48600,49800,52600,60600,64000,69400,69400,71300,71500,69000,71900,72800,73000,79100,76600,70100,69100,68700,67300,60500,62300,66500,66300,59800,59200,61300,63700,67200,67300,62900,66000,66900,69600,72100,66900,63700,57500,59400,67900,71900,82000,78000,88700,82400,90200,87000,85700,88800,94200
Armenia,,,,,,,,,,,,,,,,,,,,,,,,,,,,,,,,,1770,939,942,671,367,392,407,587,788,777,818,935,920,983,920,924,1030,953,1010,942,895,851,858
Australia,27800,29100,31900,35700,40000,47900,47000,51900,56000,61600,68300,72000,71400,82100,76800,78000,73500,78000,81500,79800,82300,85700,85100,77000,81500,72000,74000,76400,77300,81500,82800,78600,80800,87600,87700,86700,93800,89400,87200,89100,91000,80600,89900,95500,95100,99400,98200,99000,107000,107000,115000,119000,123000,123000,120000
Austria,8420,9560,11000,12300,14600,14800,16500,18400,20900,22400,24800,27800,30300,33500,29400,28900,31900,31400,31900,34600,26100,30000,28700,26400,25500,25300,27800,31000,27400,27800,27700,30100,29100,30200,29700,30100,32400,31700,34000,32000,31400,33700,34600,37100,37200,37700,36600,35800,34600,32600,33800,32100,31000,31700,30300
Azerbaijan,,,,,,,,,,,,,,,,,,,,,,,,,,,,,,,,,31300,30800,25100,19900,19400,18600,21000,16800,18000,11300,11300,12700,12700,14600,13000,11500,10600,9250,8700,10500,11800,12100,11600
Bahamas,411,546,726,708,1090,1320,1090,1360,1290,1340,2160,6310,6000,7380,6980,8060,6330,9680,6440,6710,7760,2720,2190,2010,1860,1510,1410,1420,1540,1940,1950,1780,1790,1690,1680,1680,1660,1360,1680,1670,1660,1570,1570,1510,1720,1730,1660,1690,1490,1640,1650,1860,1970,2800,2410
Bahrain,576,1770,1590,1100,1500,1130,535,891,587,678,1920,2020,1510,2410,1610,1760,2390,2930,2780,2660,2290,2870,3620,1660,2390,1950,1630,2440,2480,1650,1890,1860,843,2010,2410,1660,2060,2730,3000,2100,2440,1920,3070,3420,3810,4700,3070,5760,6560,3670,4120,3700,1580,4440,2210
Bangladesh,,,,,,,,,,,,,2430,2930,2820,3350,3630,3580,3750,4210,4810,4850,4700,4250,4400,4840,5300,5330,6010,5770,6710,6400,7680,6750,7250,8420,9520,10100,8740,8390,7940,9710,9980,10400,10600,10600,10900,10000,9800,9260,10600,13600,14700,14200,15200
Barbados,165,187,253,183,176,198,257,330,436,477,425,480,499,473,488,565,521,579,612,576,649,671,631,667,634,689,766,799,803,829,920,1060,851,1030,667,741,741,766,942,994,983,1030,1020,1060,1090,1130,1150,1180,1440,1460,1330,1390,1350,1320,1160
Belarus,,,,,,,,,,,,,,,,,,,,,,,,,,,,,,,,,44500,36700,30500,28500,26600,22900,22100,19800,16700,15800,15000,14600,16500,16500,18500,16700,18400,23300,16900,20100,19000,19000,18600
Belgium,20800,23300,27100,32000,35600,40500,43900,46700,54800,59600,65400,66800,71500,73700,63800,61500,65000,64200,68900,67900,64000,55600,53200,45800,43700,44200,50400,48700,49100,47400,45600,51200,53600,51900,53300,52500,56800,56300,56700,54300,51800,54100,49900,54800,53400,52300,50700,48500,50800,50900,55000,50600,47300,48900,49700
Belize,44,36.7,69.7,62.3,84.3,84.3,80.7,121,103,136,121,143,158,147,154,176,176,198,216,209,191,183,172,172,172,191,205,227,249,301,312,359,356,378,374,378,308,389,370,348,396,447,433,433,392,422,444,477,436,587,524,590,469,506,491
Benin,161,128,136,121,143,150,114,143,154,202,282,293,389,381,407,444,260,297,363,367,374,282,334,304,352,594,535,389,455,506,557,660,715,880,1030,1040,1090,1120,1110,1460,1470,1690,1950,2230,2380,2270,3130,3720,3740,4000,4440,4570,4780,5100,5440
Bhutan,,,,,,,,,,,3.67,3.67,3.67,3.67,3.67,3.67,3.67,7.33,11,18.3,18.3,25.7,29.3,29.3,51.3,62.3,55,58.7,62.3,62.3,80.7,80.7,77,84.3,88,103,125,121,128,136,147,161,169,187,198,213,220,224,216,242,312,367,418,440,407
Bolivia,968,931,990,1100,1200,1310,1440,1570,1730,1750,1810,1870,2050,2180,2370,2870,3160,3310,3310,3380,3480,3570,3220,3170,3080,3130,2880,2940,2950,3060,3270,3290,3410,3700,4180,5030,5480,5790,6600,6040,4660,5080,4930,6060,6090,6710,6620,7180,7310,7430,7990,8460,10300,10100,10600
Bosnia and Herzegovina,,,,,,,,,,,,,,,,,,,,,,,,,,,,,,,,,1600,1350,1610,1660,1710,1760,2160,2130,3300,3250,3100,2850,3410,3140,3320,3550,4100,4400,4460,4420,4110,4010,4100
Botswana,,,,,,,,,,,,,0,0,0,0,0,0,0,0,0,0,0,0,0,0,0,0,0,0,953,917,836,1270,1080,1070,1170,1100,1320,1570,1730,1840,1890,2020,1910,1950,2050,2300,2550,2180,2450,2590,2750,2890,3000
Brazil,39000,41500,44900,46900,47000,45800,51900,53800,64000,69500,78300,87100,97800,115000,125000,130000,132000,135000,146000,155000,150000,136000,133000,126000,122000,128000,142000,146000,148000,152000,151000,155000,160000,167000,176000,188000,207000,219000,229000,233000,234000,239000,232000,220000,226000,232000,231000,240000,253000,251000,274000,289000,310000,326000,339000
Brunei,29.3,29.3,73.3,55,73.3,11,202,143,143,165,191,260,220,249,293,301,337,444,543,638,675,590,572,29.3,656,1220,1320,1190,1600,1580,1540,1640,1260,1610,1350,1090,1200,1280,1420,1550,840,902,719,840,1010,1060,972,1850,2060,1760,1590,1960,2070,1660,1690
Bulgaria,2860,3650,5050,6510,9430,10900,12400,15200,17600,22500,25400,29600,31000,32800,35100,34200,35300,37000,39600,35800,31000,32600,39400,39300,36000,36800,38200,36300,34300,34600,25100,17000,14500,26800,16000,17700,14800,11700,12200,11400,10500,10600,11900,12000,11400,12900,13300,12800,12100,11600,11200,10300,10900,10000,11100
Burkina Faso,44,91.7,84.3,88,110,103,103,103,103,121,143,150,161,169,205,220,209,249,348,407,433,557,576,594,466,477,480,517,554,821,583,627,631,627,645,612,693,788,843,843,990,972,990,1060,1090,1110,1350,1630,1680,1650,1670,1920,2300,2770,2650
Burundi,,,44,47.7,47.7,36.7,47.7,47.7,55,73.3,62.3,73.3,69.7,69.7,88,77,84.3,99,103,106,143,150,143,187,198,216,216,224,213,249,194,224,198,213,216,220,227,235,235,249,268,198,202,154,191,147,172,180,180,176,194,213,216,216,389
Cambodia,235,286,308,389,308,304,341,352,367,1280,1120,194,77,88,47.7,47.7,47.7,47.7,47.7,29.3,286,301,337,367,411,418,433,436,451,451,1260,1310,1350,1390,1430,1500,1520,1470,1880,1900,1980,2250,2210,2380,2450,2780,3000,3420,3510,4160,4590,4720,4930,4900,5070
Cameroon,268,279,290,301,337,312,345,458,502,572,620,737,774,803,865,1040,942,1390,1830,1580,3650,5080,6080,6280,6050,6470,1990,1840,1910,7330,1420,840,3480,3590,3580,3950,4310,2900,2840,2650,2990,2930,2950,3320,3440,3200,3360,4580,4330,5590,5690,4770,4980,5200,5080
Canada,116000,119000,126000,134000,144000,152000,156000,172000,179000,182000,212000,221000,234000,238000,249000,242000,234000,234000,234000,244000,241000,228000,209000,194000,193000,187000,187000,202000,211000,207000,206000,192000,198000,202000,202000,206000,207000,215000,224000,228000,231000,232000,224000,245000,252000,250000,239000,241000,259000,258000,256000,256000,241000,241000,248000
Cape Verde,18.3,18.3,14.7,11,22,18.3,22,18.3,25.7,29.3,29.3,33,47.7,55,66,77,73.3,80.7,202,249,121,33,36.7,36.7,84.3,84.3,58.7,80.7,73.3,80.7,95.3,99,106,110,114,121,143,147,158,183,216,235,275,308,330,440,473,506,469,524,557,616,506,499,491
Central African Republic,88,88,73.3,73.3,73.3,88,84.3,91.7,183,187,209,183,169,161,114,103,128,128,147,103,106,136,143,147,150,161,161,260,231,249,198,205,216,224,235,235,235,246,249,264,268,246,246,235,235,235,249,253,253,253,264,279,293,297,301
Chad,55,51.3,84.3,91.7,99,106,84.3,117,125,161,125,150,121,161,150,183,183,198,194,202,209,209,205,205,216,180,187,198,66,103,143,66,84.3,91.7,103,110,125,143,150,161,176,172,169,381,378,400,407,462,510,491,517,539,543,612,631
Chile,6930,7220,8340,9100,9820,10200,11400,11500,12800,13300,14400,15300,16300,15400,14800,12900,13800,14100,14600,15400,15500,15800,14100,13600,13700,13300,14100,14600,16300,17900,18500,19100,20800,22800,24300,26900,29300,31100,31200,32200,30700,28500,30300,29600,31300,33900,35800,47300,47600,45000,43500,45700,45200,46000,46200
China,23000,22400,21800,23300,27800,35000,44600,42500,48700,66900,94700,120000,138000,159000,183000,204000,239000,258000,282000,279000,273000,257000,258000,264000,272000,285000,303000,322000,343000,355000,330000,357000,390000,429000,424000,469000,511000,558000,560000,597000,649000,660000,654000,728000,840000,851000,899000,928000,971000,983000,1090000,1120000,1180000,1240000,1260000
Colombia,7940,9200,9520,10500,11000,11200,12300,12300,14300,14600,17400,18100,18600,19600,21700,20500,21800,22500,22600,23600,23900,23000,23600,25300,24700,25000,26200,27000,28300,29400,31100,32000,35700,36100,39600,31800,32600,34800,35400,30400,29400,28600,28700,29700,29500,31000,34000,34300,34100,35100,34900,35000,38700,42400,39800
Comoros,11,11,11,11,11,14.7,18.3,18.3,18.3,18.3,29.3,29.3,29.3,29.3,29.3,33,40.3,40.3,29.3,22,47.7,47.7,47.7,47.7,47.7,47.7,44,47.7,51.3,51.3,62.3,66,66,69.7,69.7,73.3,77,80.7,88,91.7,103,103,103,132,143,139,161,103,106,132,161,136,143,176,154
"Congo, Dem. Rep.",1180,1230,1240,1350,920,1170,1360,1200,2480,2600,1720,1860,1930,2100,2230,2260,2210,2350,2460,2780,2440,2670,1980,2960,2870,2600,2320,2760,2840,3320,3070,2840,2730,2520,1550,2010,2200,1840,1600,1300,730,737,796,821,997,1240,1330,1450,1610,1470,1730,2220,2200,3370,4500
"Congo, Rep.",224,268,238,235,268,246,308,323,451,499,378,403,374,359,370,337,528,301,238,275,275,319,1170,972,972,1080,865,1130,1290,1270,972,781,950,895,1730,1150,1320,1910,356,363,557,766,576,884,913,887,1020,1120,1210,1580,1750,1940,2490,2540,2410
Costa Rica,491,491,550,601,660,788,935,821,972,1070,1160,1420,1630,1910,1760,1870,1910,2410,2680,2530,2190,2020,1870,1910,1770,2030,2330,2470,2660,2670,2650,2990,3440,3520,4800,4430,4330,4520,4770,4970,4950,5050,5530,5680,5870,5740,6260,6680,6790,6600,6700,6820,6840,6630,6780
Cote d'Ivoire,462,554,587,623,763,1170,1240,1360,1600,1890,2240,2460,2710,2880,3250,3990,3960,4060,4820,5420,5570,3870,5560,4520,5140,6990,5580,7360,8810,8270,4790,4310,3850,5100,4140,6030,6480,5610,4950,3550,4050,4780,4290,2780,4350,4170,3680,3650,3560,2730,3030,3360,5080,5790,5970
Croatia,,,,,,,,,,,,,,,,,,,,,,,,,,,,,,,,,9060,9450,9810,11000,10500,11800,13200,12800,11200,11600,12100,13300,12300,12800,13100,13200,12400,12200,10300,10000,8990,8600,8590
Cuba,13400,11300,13700,12400,13700,14000,14600,15500,15500,16700,18100,19100,19900,21500,21800,25800,25800,27800,29100,30200,29700,30800,32600,29000,30700,30700,31600,31900,33500,33700,31200,28300,30100,28600,31400,24700,26200,23700,23300,23500,24100,23600,24200,23500,22900,23700,24400,23500,27300,26800,35400,33100,33200,31900,31700
Cyprus,843,818,858,939,964,1100,1190,1270,1500,1550,1570,1730,2190,2270,1760,1680,1950,2130,2260,2440,2590,2530,2570,2630,2620,2570,2970,3290,3450,3620,3520,4090,4550,4820,5050,4820,5390,5350,5740,5720,6100,6020,6160,6790,6340,6460,6750,7130,7520,7320,6970,6790,6410,5520,5690
Czech Republic,,,,,,,,,,,,,,,,,,,,,,,,,,,,,,,,,20000,19200,19200,17800,18400,18300,19700,19100,18200,19300,19900,20400,21500,21500,20900,21600,21500,20900,19900,19400,18800,18400,19100
Denmark,14200,16500,20200,23800,27300,29600,35000,35400,39800,46600,51400,50000,52800,48700,45600,43700,46600,46600,46600,45200,37200,32700,30500,29100,28200,29600,28400,26900,24800,23400,22000,22500,22100,22200,23500,24500,27400,26200,26100,25300,24400,24700,23800,22300,21900,21400,21800,21600,21200,19400,20200,18800,18000,17900,16900
Djibouti,40.3,44,47.7,66,84.3,121,139,88,121,84.3,139,161,191,180,194,198,198,198,202,363,348,301,348,348,352,359,378,389,348,389,323,312,312,312,304,304,312,326,315,315,341,367,400,422,407,414,411,462,499,462,517,473,517,535,546
Dominica,11,11,11,14.7,14.7,14.7,14.7,22,22,18.3,25.7,25.7,25.7,25.7,29.3,29.3,29.3,25.7,25.7,33,36.7,36.7,40.3,40.3,44,47.7,47.7,47.7,55,58.7,58.7,58.7,58.7,62.3,66,80.7,73.3,80.7,77,80.7,103,110,103,117,114,117,114,154,132,132,139,128,136,132,136
Dominican Republic,953,913,1120,1130,1600,1440,1530,1410,2190,2460,2860,3220,4330,5670,6110,6050,6010,5180,5020,6370,5950,5690,5870,7360,6880,6790,7570,8600,8830,8870,8680,9270,9880,10800,11600,14900,16200,16700,16700,16800,18300,17900,19200,16700,14700,15500,15400,16200,15600,15200,15600,15500,15600,15200,14400
Ecuador,1660,1540,1460,1670,2000,2120,2230,2400,2870,2970,3470,3670,4000,4280,5080,6400,7100,6370,9200,10600,11900,15200,17600,17900,19400,17200,12800,13300,14600,17100,13500,13400,19400,21100,10700,19600,20900,15300,19300,18500,17300,19700,21300,22900,24700,26000,24600,27300,28900,30800,31200,33200,32300,34700,37100
Egypt,14600,15300,16800,19600,23000,25300,24600,17100,20100,15100,16600,18500,21300,19400,20300,23100,26900,29600,31200,33100,38700,42600,47000,47900,53000,51900,60000,57500,55500,50800,52500,52900,54100,63200,53400,58400,61500,70400,82700,79600,85400,66500,57200,73400,75700,79300,83800,84800,92500,98800,94300,101000,94700,97200,82400
El Salvador,576,546,616,1090,1190,1000,1240,1090,1180,1120,1350,1420,1570,1850,1830,1940,2050,2100,2160,2100,1870,1610,1560,1690,1410,1760,1770,2150,2160,2270,2190,2830,3110,3370,4170,4580,4100,4970,5280,5180,5210,5360,5380,5860,5730,5890,6190,6330,5900,5840,5820,5990,5970,5630,5790
Equatorial Guinea,22,22,22,25.7,25.7,29.3,25.7,25.7,29.3,44,36.7,66,88,29.3,51.3,62.3,62.3,62.3,69.7,62.3,58.7,69.7,73.3,62.3,80.7,66,80.7,99,106,117,66,143,158,99,33,128,114,290,165,389,363,143,785,1820,1030,521,565,598,609,609,609,609,609,609,609
Eritrea,,,,,,,,,,,,,,,,,,,,,,,,,,,,,,,,,,,843,909,990,836,568,598,587,609,583,704,748,744,539,557,392,491,491,499,532,539,546
Estonia,,,,,,,,,,,,,,,,,,,,,,,,,,,,,,,,,3720,3910,3580,2520,2650,2540,2830,2710,1770,2250,2090,2130,2020,1970,1910,1890,1760,1330,1390,1280,1240,1030,818
Ethiopia,312,301,352,381,381,576,748,997,1620,1550,1560,1750,1310,1690,1680,1140,1100,1010,1330,1800,1770,1800,1410,1760,1540,1690,2080,2410,2470,2640,2850,2840,2820,2850,2010,2260,2520,2680,2850,2840,3110,3910,4070,4420,4640,4340,4640,5200,5630,5680,5640,6240,6220,7370,8060
Fiji,176,161,213,224,400,319,293,315,367,407,491,502,535,587,612,539,425,678,605,730,700,986,733,612,477,488,517,433,521,557,708,583,653,656,649,667,722,689,671,689,748,972,792,946,1290,1030,1150,1090,825,737,1140,1000,986,1060,1070
Finland,7210,8030,9610,11700,14000,17200,21900,21300,24700,27600,30800,31900,34400,38500,35000,34600,36600,35900,33800,35100,35500,31700,28800,26500,24900,27900,33300,33600,28500,28500,25700,26500,22500,23200,24500,22300,25800,26500,27500,26500,24000,23800,26500,27300,28500,26700,27800,26500,26300,24800,25600,25200,23600,19900,23800
France,77500,83700,94500,118000,134000,152000,160000,186000,202000,227000,260000,287000,316000,349000,330000,290000,328000,305000,329000,338000,314000,278000,261000,256000,242000,238000,240000,241000,234000,245000,228000,233000,220000,227000,209000,214000,229000,215000,227000,223000,215000,234000,229000,228000,230000,228000,225000,219000,216000,213000,202000,199000,194000,189000,186000
Gabon,121,150,69.7,55,172,194,359,979,1910,1390,1980,2270,2090,2310,2220,2270,2510,3230,4430,3380,3420,3250,3240,2670,2390,2160,2050,1490,1690,2230,847,876,1040,1080,708,862,1020,1020,1220,1060,1040,1260,1180,1160,1210,1400,1440,1580,1600,1540,1970,2210,2370,2710,2750
Gambia,18.3,22,25.7,29.3,29.3,29.3,33,33,36.7,47.7,47.7,55,66,62.3,62.3,99,99,114,139,147,158,158,161,161,172,172,161,180,183,180,176,180,180,187,187,198,198,198,213,231,246,253,286,286,293,293,304,348,363,374,425,444,447,425,506
Georgia,,,,,,,,,,,,,,,,,,,,,,,,,,,,,,,,,5050,2260,1120,407,2410,2610,3040,2540,2120,1680,1600,1720,1550,1870,2100,2520,2210,2810,2760,2710,2720,2660,2840
Germany,,,,,,,,,,,,,,,,,,,,,,,,,,,,,,,,334000,337000,341000,335000,336000,347000,341000,340000,324000,317000,327000,312000,304000,296000,288000,289000,254000,276000,261000,264000,255000,254000,258000,250000
Ghana,1300,1190,1350,1610,1530,1630,1300,1420,1590,1440,2320,2020,2200,2230,2670,2400,2080,2690,2710,2520,2410,2840,2890,3510,2460,3140,2930,3140,3200,3050,3470,3550,3460,3930,4270,4620,4860,5510,5590,5620,5320,5970,6480,6680,6400,6090,8460,8930,8240,6800,8100,7000,9570,12500,11700
Greece,5460,5620,5910,6740,6950,9040,10500,11500,13600,15100,16000,18400,21500,25500,23700,23600,25100,27900,30500,31700,32300,30000,30000,29100,29500,29900,27900,30100,32100,36200,35400,37300,37800,37000,38200,38400,41600,42200,43500,43200,44400,45900,47000,48700,48700,50400,49900,47300,48800,46800,40800,36800,37000,31500,32700
Grenada,22,18.3,25.7,14.7,22,22,29.3,36.7,40.3,47.7,44,47.7,47.7,55,36.7,47.7,47.7,47.7,51.3,47.7,47.7,58.7,62.3,62.3,62.3,62.3,66,73.3,95.3,103,106,110,117,121,143,150,154,169,176,194,191,194,205,216,205,216,231,238,253,253,260,253,271,304,242
Guatemala,1290,1350,1320,1440,1680,1860,1640,1870,2050,2170,2190,2330,2580,2780,2920,3330,3090,3570,3870,4410,4230,3680,3310,2900,3180,3260,3350,3300,3700,3790,4240,4320,5300,5080,6220,6570,6090,6940,8010,8090,8370,9100,9060,8850,9390,9810,9760,10200,8980,10300,8970,9110,9220,10800,14700
Guinea,411,616,660,697,700,697,719,726,748,748,792,814,832,803,840,843,887,902,902,946,964,990,983,953,979,994,997,994,1030,1050,1000,1030,1060,1090,1130,1170,1240,1290,1360,1430,1490,1560,1620,1700,1760,1830,1890,1970,2000,2110,2490,2600,2420,2110,2200
GuineaBissau,18.3,29.3,40.3,47.7,58.7,66,66,47.7,62.3,58.7,69.7,73.3,66,110,103,114,95.3,103,103,110,147,143,143,143,161,172,183,194,216,231,172,176,180,183,183,183,183,202,172,194,147,150,154,194,202,213,216,231,227,235,238,246,253,257,271
Guyana,660,737,678,616,649,1080,1180,1320,1330,1370,1580,1500,1560,1800,1550,1830,1750,1900,2060,1520,1790,1800,1400,1250,1400,1420,1050,1310,1400,1180,1130,1110,1050,1050,1390,1460,1520,1590,1660,1680,1610,1600,1580,1570,1630,1440,1290,1560,1560,1570,1720,1780,1990,1940,2010
Haiti,260,275,275,224,271,282,286,242,242,290,356,367,352,367,403,407,554,587,631,638,631,649,620,638,645,649,671,741,818,895,862,807,741,612,301,902,1030,1370,1230,1330,1370,1470,1680,1590,1840,1930,1970,2250,2250,2120,1980,2070,2160,2260,2710
Honduras,598,715,671,682,686,704,755,821,1160,1110,1310,1250,1440,1390,1450,1520,1650,1880,1910,1820,1830,1670,1620,1760,1720,1730,1670,1950,2230,2410,2270,2350,2750,2490,3030,3520,3490,3640,4200,4100,4030,4730,5110,5690,6210,6380,5850,7570,7330,6540,6720,7480,7460,7540,8090
Hungary,7050,8200,8840,9630,11000,11500,12800,14000,15700,17200,15900,18400,19700,22000,23800,25100,26500,29600,31900,29100,29500,27900,26900,31400,32800,29500,26800,27400,24400,23900,23200,21400,20900,22400,19400,19700,18600,19200,18500,18400,16900,16600,15400,15300,15400,16600,17100,17300,16700,16100,15800,14500,13800,14400,16200
Iceland,1120,1010,1110,1220,1220,1320,1420,1370,1540,1210,1350,1410,1420,1690,1660,1540,1630,1840,1860,1870,1740,1580,1420,1330,1530,1320,1460,1570,1550,1610,1690,1470,1600,1760,1710,1700,1930,1840,1790,1780,1720,1690,1760,1780,1800,1790,1890,1840,1690,1660,1550,1470,1450,1530,1650
India,19500,21300,24900,27100,28100,30800,35700,32700,42300,45400,49400,55500,58900,61800,60700,61900,63500,68600,75400,82700,83200,89800,94500,99300,106000,117000,122000,128000,134000,151000,158000,167000,188000,187000,199000,216000,243000,244000,263000,285000,304000,298000,285000,294000,297000,300000,317000,336000,403000,455000,414000,418000,438000,461000,514000
Indonesia,14700,19300,16200,15600,15700,17700,16300,17600,20600,27600,29200,31600,34600,38700,39400,40800,45800,56400,62700,63500,66200,70400,75100,77800,74300,78600,78300,75100,87300,84800,82500,104000,117000,118000,114000,114000,125000,144000,113000,106000,155000,150000,157000,163000,174000,175000,153000,166000,158000,181000,196000,212000,219000,240000,234000
Iran,21900,19300,18700,20300,23600,24600,26300,27600,36500,28700,32700,39400,38100,51200,60200,65400,74200,86300,85100,103000,83000,80000,90200,101000,104000,113000,99900,110000,120000,136000,139000,144000,143000,147000,157000,157000,158000,143000,175000,228000,210000,228000,218000,211000,222000,223000,234000,225000,234000,233000,228000,224000,245000,251000,244000
Iraq,6790,7030,7350,7530,7070,8050,15100,6790,9340,10100,11400,12500,14300,12900,12900,12500,22500,22700,19800,23600,21900,22200,20400,28800,27400,28800,30900,36200,50900,55100,33200,39500,53600,57400,64200,67100,62400,60600,64300,62000,61700,75400,77700,85300,95600,87400,71900,35000,63200,70800,79500,99400,113000,123000,125000
Ireland,3210,3760,4510,5180,5860,6540,7140,8120,8270,9470,10800,13500,13600,15000,15100,14500,14600,15400,16500,17600,16200,14600,12600,11700,11800,11400,13600,12200,10700,10400,12900,13200,13200,13500,15400,15500,16400,17800,20000,22600,21900,23500,23000,22100,23500,22400,22200,23200,21400,21000,20100,17600,16800,17300,16800
Israel,5940,6530,7330,7630,8480,12200,12800,12900,13000,13900,15600,15300,15900,18600,18400,18400,18500,18800,20100,19900,19900,19900,20400,18300,15500,16000,17000,17500,20200,21300,24800,24100,27400,27600,29900,30400,29400,30100,29000,28300,29200,30600,28200,30800,24500,23600,25700,25200,29200,27200,28100,28000,35200,24000,22000
Italy,61400,72600,91100,107000,122000,134000,156000,169000,182000,199000,225000,240000,254000,274000,273000,252000,267000,256000,267000,277000,271000,259000,247000,246000,233000,232000,236000,243000,248000,253000,253000,256000,259000,259000,255000,265000,261000,262000,261000,251000,251000,247000,248000,245000,237000,229000,224000,216000,205000,189000,179000,175000,154000,151000,144000
Jamaica,1360,2020,2020,2300,3930,2840,3340,3700,3670,4070,4770,5540,6080,8090,7400,7980,7100,7280,8970,8420,8380,7330,6110,6310,5010,4920,4430,5230,4350,6510,7180,7430,7300,7630,7830,8770,9250,9660,9250,9530,9860,10200,9700,10100,10100,9920,11000,9260,9720,7240,6820,7260,6890,7440,6730
Japan,80700,108000,122000,151000,179000,201000,226000,283000,334000,402000,503000,553000,612000,652000,636000,607000,645000,669000,652000,680000,631000,591000,567000,560000,569000,530000,541000,537000,585000,616000,661000,651000,679000,660000,695000,691000,694000,676000,656000,662000,661000,637000,641000,641000,627000,625000,597000,586000,554000,506000,510000,526000,536000,514000,489000
Jordan,664,869,931,1080,1090,1270,1400,1250,1270,1520,1370,1450,1590,1900,1930,2210,2680,2880,3360,3480,4270,5380,5900,6730,7360,7530,8390,8530,8400,8270,9490,9120,10500,10100,11200,11400,12000,12300,12800,12800,13700,13900,14700,15200,14600,15900,14600,14400,12900,12900,14000,18300,20900,19200,22200
Kazakhstan,,,,,,,,,,,,,,,,,,,,,,,,,,,,,,,,,68700,48700,46600,33900,24700,30500,28000,22100,22400,29200,27100,23600,33900,28100,31900,42600,35000,27700,47400,37600,32400,47500,32300
Kenya,2140,2140,2330,2570,2530,2080,2310,2330,2440,2720,2470,3070,3370,3330,4350,4410,3950,4320,4630,4570,5520,5640,3960,3780,3420,3120,3280,4270,3870,4240,4670,3780,4370,5290,5540,6410,8070,7270,9130,9260,9670,8540,6970,5680,6450,7170,8050,8160,8420,10300,9700,10200,9290,9800,10300
Kiribati,,7.33,11,18.3,18.3,11,11,22,33,11,22,29.3,25.7,36.7,33,33,33,22,22,25.7,29.3,29.3,25.7,22,22,22,18.3,22,22,22,22,22,25.7,29.3,29.3,29.3,33,25.7,29.3,29.3,29.3,25.7,40.3,40.3,44,62.3,69.7,51.3,55,40.3,62.3,62.3,62.3,62.3,62.3
Kuwait,6000,8100,11700,14100,4350,13200,11300,2030,726,1570,279,345,1030,1650,1750,2050,4390,4230,5280,4340,6510,11000,10400,9880,15700,16200,20000,15200,16400,15800,35200,8690,12400,17400,22900,35100,30300,35100,32100,36000,31300,36300,38800,37300,39000,44900,45900,48100,54400,61800,60100,56600,65900,61800,58500
Kyrgyz Republic,,,,,,,,,,,,,,,,,,,,,,,,,,,,,,,,,3770,2520,884,1400,1540,1680,1710,1410,1210,1090,1000,1250,1540,1370,1270,2240,2420,3120,2760,3640,4680,4800,3730
Lao,80.7,114,132,147,172,180,235,319,169,319,572,422,488,517,293,253,224,231,231,224,187,150,158,180,183,202,209,209,209,231,213,231,249,249,268,282,301,315,334,334,334,374,374,363,374,378,378,389,389,396,381,422,425,444,447
Latvia,,,,,,,,,,,,,,,,,,,,,,,,,,,,,,,,,7920,7370,7480,6010,6030,5050,4900,4030,3350,3610,3450,3810,3950,3950,4330,4650,4290,3920,4000,3550,3490,3520,3670
Lebanon,2140,2240,2420,2560,2800,2810,3070,3060,3230,3700,3270,4580,4870,6310,6340,5580,5260,4880,5010,5080,5420,5140,5260,6570,6430,7560,7310,7520,7210,7600,7770,8030,9610,9890,10700,11300,11400,13700,14500,14600,13300,14200,14100,15700,14100,13400,12300,11000,14600,17800,16400,17100,19400,19200,20700
Lesotho,,,,,,,,,,,,,,,,,,,,,,,,,,,,,,,330,334,341,348,348,356,359,367,370,374,381,385,389,389,411,414,411,422,444,506,524,554,598,601,612
Liberia,165,161,253,356,484,557,612,612,858,1240,1410,1480,1460,1440,1680,1440,1430,1420,1440,1880,1990,1900,561,667,660,675,682,715,766,623,447,279,279,312,312,323,330,345,370,385,385,458,462,510,557,653,671,590,517,480,755,851,964,862,788
Libya,605,1100,1030,1440,656,997,2630,2450,2970,6450,2850,2640,3200,4200,4730,5470,9160,10800,9950,13100,14200,19400,21800,20500,17600,20300,17600,19000,21700,20900,18900,25300,22900,25600,29600,31900,29100,29900,31100,32600,33500,33900,33100,34300,34000,34300,32800,29600,33100,37200,38600,25300,33400,35700,36200
Liechtenstein,,,,,,,,,,,,,,,,,,,,,,,,,,,,,,,,,,,,,,,,,,,,,,,,0,0,0,0,0,0,0,0
Lithuania,,,,,,,,,,,,,,,,,,,,,,,,,,,,,,,,,13800,11800,11700,10200,9430,9610,11100,8610,6710,7370,7310,6420,6800,7050,6960,7010,7700,6580,6550,6150,6350,6120,6790
Luxembourg,649,774,1200,1730,2080,2480,2830,3140,3460,3820,4090,4210,4400,4900,4320,3870,4170,4140,4180,3780,2980,2870,2850,2730,2670,2890,3160,3600,3680,4080,4410,5200,5380,5380,5280,4740,4860,4980,5130,5390,5850,6210,6300,6830,7780,8140,7690,7520,7580,7060,7400,7700,7470,7350,6980
Madagascar,352,345,374,400,425,499,513,770,825,763,880,931,1200,1010,1120,1610,898,777,953,1030,1520,935,920,557,832,1030,1070,1230,1220,865,887,972,942,964,1220,1220,1310,1600,1680,1880,1820,1690,1200,1580,1700,1620,1570,1650,1770,1660,1770,1830,1900,1870,1930
Malawi,,,,,150,154,198,202,235,257,304,348,367,381,367,341,374,440,469,499,495,440,407,422,411,444,444,436,466,499,517,576,572,649,671,675,682,686,686,708,623,649,612,667,711,634,660,634,788,689,880,832,796,840,851
Malaysia,,,,,,,,,,,13800,15000,15900,15400,15300,15200,18800,17800,19200,22300,23000,26100,25300,30600,25700,27700,28000,28100,30500,32400,38300,42200,45600,54300,55200,62000,69600,70800,59800,52900,56500,64500,59300,63500,60600,61000,50600,69700,71200,65400,73400,72600,75300,86700,89600
Maldives,,,,,,,,,,,,3.67,3.67,3.67,3.67,7.33,11,14.7,22,29.3,44,47.7,47.7,51.3,58.7,66,80.7,80.7,95.3,125,172,154,231,198,198,249,290,330,301,422,451,462,594,506,667,601,759,781,843,884,935,986,1110,1090,1330
Mali,121,117,139,176,176,198,191,224,198,161,202,227,246,246,282,315,315,396,378,414,381,385,352,407,425,396,370,348,374,407,411,425,433,444,455,462,480,510,763,796,821,829,847,843,876,898,942,1010,1070,807,964,1050,994,1030,1410
Malta,330,286,323,403,488,469,407,517,631,649,660,660,840,803,744,667,763,803,935,906,1020,1140,1250,858,1110,704,1160,1440,1460,1490,1480,1510,1560,1970,1960,2000,2240,2520,2150,2350,2060,2490,2300,2580,2570,2700,2570,2720,2560,2400,2560,2540,2680,2340,2350
Marshall Islands,,,,,,,,,,,,,,,,,,,,,,,,,,,,,,,47.7,51.3,55,62.3,66,66,66,66,69.7,66,77,80.7,84.3,84.3,88,84.3,91.7,99,99,103,103,103,103,103,103
Mauritania,36.7,47.7,62.3,88,117,161,180,198,235,268,396,385,429,455,469,495,502,539,568,587,612,616,865,920,854,638,363,3230,3170,2790,840,854,891,913,942,1000,1060,1070,1070,1100,1110,1170,1250,1290,1390,1440,1420,1640,1770,1960,1960,2110,2330,2320,2320
Mauritius,172,172,246,202,304,301,268,499,634,572,499,392,689,675,689,590,616,638,627,656,590,539,499,557,561,612,678,832,744,854,1270,1350,1520,1610,1530,1660,1840,1880,2010,2100,2100,2170,2150,2310,2420,2440,2490,2370,2230,2300,2340,2410,2380,2400,2490
Mexico,43000,45000,42300,42800,46500,47300,50300,56700,59500,67000,73500,85000,90000,99100,103000,111000,130000,140000,156000,167000,196000,208000,216000,196000,198000,204000,220000,231000,233000,248000,236000,247000,249000,250000,258000,237000,237000,252000,264000,272000,264000,276000,266000,273000,277000,291000,285000,287000,289000,273000,260000,273000,290000,278000,269000
"Micronesia, Fed. Sts.",,,,,,,,,,,,,,,,,,,,,,,,,,,,,,,,,99,99,103,106,106,110,117,110,125,169,143,143,143,121,121,139,117,161,114,121,136,143,150
Moldova,,,,,,,,,,,,,,,,,,,,,,,,,,,,,,,,,9610,6370,3340,3050,2810,2570,2130,1420,1280,1430,1630,1770,1910,1920,1870,1930,2040,1980,2170,2290,2090,2150,2180
Mongolia,495,506,550,576,634,616,612,689,744,770,821,895,964,1070,1160,1200,1290,1390,1670,1750,1880,2000,2080,2190,895,2370,2410,2610,2690,2460,2460,1860,1750,1640,1100,1020,1150,1130,1210,1200,1320,1490,1430,1570,1730,1690,1950,2400,2560,2330,2470,3070,3480,3670,3390
Montenegro,,,,,,,,,,,,,,,,,,,,,,,,,,,,,,,,,,,,,,,,,,,,,,389,1130,1230,1240,1010,957,895,829,796,792
Morocco,2460,2580,1920,2710,2940,3070,3820,3780,4050,4110,5290,6100,5580,7130,8510,8190,8310,9330,9690,12400,12300,12100,13000,13200,13700,13400,12800,13600,14500,15900,16700,16600,18200,19700,20500,20200,19200,19900,19100,20500,19700,19900,20000,20100,24000,25300,26000,27600,30600,30900,34400,34900,37600,36900,34400
Mozambique,436,1030,374,216,708,627,851,638,1160,1450,1240,1750,1640,1700,1420,1380,1130,1720,2060,1900,2330,1600,1720,1290,979,766,770,781,807,836,829,818,832,909,876,935,953,1020,1030,1080,1210,1440,1330,1610,1640,1440,1520,1840,1750,1970,2120,2430,2320,2970,5530
Myanmar,1720,1840,1910,1970,2190,2280,2460,2990,2600,2590,3530,3930,3800,3160,3560,3180,3620,3820,3660,3780,4030,4410,4120,4280,4740,4320,4210,2390,1690,1920,2050,2020,2910,3080,3450,3830,3910,3890,4680,5430,5780,4720,5420,5890,6270,5270,5460,5560,5150,3850,7500,7690,5910,6790,14700
Namibia,,,,,,,,,,,,,,,,,,,,,,,,,,,,,,,0,1020,1120,1150,1310,1580,1690,1740,1790,1650,1630,2010,1760,1860,1960,2260,2160,2200,2480,2670,2820,2570,2860,2190,3330
Nauru,,,,,29.3,33,33,47.7,47.7,66,66,88,77,84.3,99,103,103,114,114,114,125,125,125,125,125,125,161,158,158,158,125,125,121,114,110,106,103,103,99,91.7,84.3,80.7,77,66,66,62.3,44,44,44,40.3,44,40.3,40.3,44,47.7
Nepal,80.7,80.7,88,99,121,147,158,161,194,334,202,165,205,216,194,224,246,264,271,312,319,334,323,363,418,451,517,565,649,587,543,719,917,1050,1230,1530,1590,1860,1800,1970,1940,2010,1960,2030,1940,2000,1830,1720,2530,3030,3270,3370,3670,4100,4650
Netherlands,31100,33700,39100,45500,55700,60700,63900,65000,67500,71500,85700,79900,86200,87900,77200,70600,83700,78300,79400,89600,83700,67000,57100,49600,47500,47000,52900,56100,54000,53600,52700,54300,54300,54100,54200,64700,65100,65300,66200,66900,66000,68000,69600,68800,70500,71200,72600,72400,69300,66200,66800,67200,64000,66200,67000
New Zealand,4640,5000,5270,5850,6370,7430,7750,8050,8270,8800,8580,9820,10600,11800,12000,11800,11500,11700,10500,10200,10900,9860,9870,8970,8970,10400,10700,11600,11400,12000,9630,9910,10800,11100,12300,13400,14400,15100,15500,16200,16300,16100,16600,17700,17800,17600,17600,18000,17900,17600,17100,17100,18100,18000,18400
Nicaragua,517,543,638,818,920,748,920,1030,1180,1230,1340,1450,1550,1730,1830,1840,2110,2720,2530,1670,1950,2060,2060,1950,1800,1940,2210,2390,2200,1410,1950,1880,2260,2170,2390,2620,2700,2960,3230,3450,3500,3710,3760,3970,4170,4060,4200,4340,4160,4230,4240,4530,4310,4230,4510
Niger,29.3,55,66,88,95.3,91.7,128,121,150,180,202,216,238,293,279,326,315,348,396,462,499,590,612,601,576,576,557,546,565,572,499,480,491,539,532,550,623,656,682,693,447,400,407,462,436,429,400,466,510,667,829,917,1440,1580,1760
Nigeria,1880,2460,2340,2460,3230,4260,5180,6630,3530,3750,5500,6410,7040,8590,9670,9630,11300,8840,9150,13700,21100,25000,29100,29500,37800,35500,38200,26900,33200,32600,29800,31200,35100,33000,23500,24400,28200,30400,25500,27400,28500,35900,36700,35500,36200,39800,32700,27500,33700,27900,36800,34100,36100,36100,32400
North Korea,,,,,,,,,,,,,,,,,,,,,,,,,,,,,,,,,,,,,,,3990,2610,3140,3490,3500,3410,3430,2880,2200,2630,2690,2590,2570,2640,2530,2740,2610
North Macedonia,,,,,,,,,,,,,,,,,,,,,,,,,,,,,,,,,3310,2510,2320,2430,3580,2980,2740,2690,2820,2300,2560,2530,2600,2680,2870,3100,2780,2810,2750,2840,2830,2610,2600
Norway,9520,9890,10300,11600,12500,12300,15400,15100,16800,17400,23100,22200,23900,25400,22000,24000,23000,25200,26500,27300,28900,28000,28100,26500,27000,27000,28800,29600,27700,32300,21900,23300,20400,22100,19700,19900,21000,21500,22000,23400,23800,22200,23400,28600,28100,28400,30600,27900,33200,35700,37800,29200,34500,40200,31300
Oman,,,,,11,25.7,29.3,136,161,235,235,268,264,290,455,722,1130,1380,1270,1380,1680,1750,1680,2820,3250,3690,3740,3380,4000,3790,5310,5580,4140,4220,5410,7730,7360,5620,5470,7740,8380,5250,6230,11100,7510,6880,14000,17300,9300,7570,8550,10600,12400,10500,10600
Pakistan,6550,6860,7520,8960,9070,9790,10500,11200,13200,11700,12400,11400,9290,9490,9770,11100,10500,10900,12200,13100,13900,14100,15800,17500,19500,21900,22900,25100,27400,29400,33200,32300,35000,38400,43000,43700,50200,49400,52600,52500,55400,55100,53700,44200,46400,48400,54300,57900,59000,58400,62300,60600,63800,69600,72300
Palau,14.7,51.3,51.3,55,58.7,66,66,73.3,77,132,136,165,172,176,194,194,114,183,110,125,158,158,158,158,158,161,161,161,183,227,235,235,235,235,235,235,235,238,238,242,249,253,249,253,253,260,264,260,253,246,253,253,253,257,260
Palestine,,,,,,,,,,,,,,,,,,,,,,,,,,,,,,,,,,,,,,396,601,649,792,1350,1160,1280,1870,2740,2270,2320,2050,2090,2040,2250,2200,2440,
Panama,942,1050,1130,1110,1180,1440,1580,1600,1930,1950,2080,2460,2640,2990,2810,3520,3470,3330,2690,2940,2840,3070,3110,3330,2710,2590,2460,2830,2640,2310,2410,2850,3880,3400,3770,2460,3920,5030,5420,5130,5160,6430,5340,5710,5280,5510,6300,6140,6380,7610,8160,8400,7720,8250,6410
Papua New Guinea,180,202,198,257,268,304,341,436,502,557,693,825,1270,1350,1590,1530,1570,1580,1680,1800,1830,1930,1950,2010,2050,2120,2060,2330,2200,2030,1990,1910,1900,1840,2010,1870,1920,2350,2600,2210,2420,2910,3190,3670,4240,4090,4030,5860,4500,4790,4370,4930,4720,5820,5970
Paraguay,297,356,385,403,422,535,499,480,579,502,700,605,678,832,902,770,957,1060,1380,1250,1400,1310,1310,1340,1440,1530,1580,1760,2000,2080,2000,1970,2370,2620,3100,3650,3450,3860,4140,4140,3370,3500,3670,3810,3850,3560,3690,3840,4050,4260,4770,4990,4880,4950,5200
Peru,7400,7790,9090,9400,10900,10500,11700,12100,12800,13300,14400,15400,14900,15900,17400,18200,18600,19400,18700,18600,20700,20200,20100,17600,17800,16400,18400,22100,21200,18600,17700,16700,17100,19500,19100,19600,20100,23300,23100,24600,23200,20200,19400,18500,20700,21000,18700,22500,21400,23700,23200,23900,25700,26000,26000
Philippines,7760,8030,9660,10800,12100,13100,15200,17100,20900,21300,23500,26000,24900,29500,28700,30200,32700,33900,34400,35100,33400,31300,31200,31000,25600,22900,24500,27600,31700,34000,35000,36400,41200,41300,45800,50700,50000,57000,55900,51000,51000,50100,47100,45100,46500,42000,38700,36700,39300,38300,41600,38800,42000,41300,44800
Poland,5980,6970,8550,9400,11200,13500,14800,16100,19500,20700,25700,27300,30100,34600,36700,41500,45500,49600,52700,55900,56300,48800,46400,44900,40300,41200,42600,42100,39700,39500,34200,34400,36400,37500,39700,42400,46600,47800,48900,50500,49800,52600,52100,52900,56700,57000,59800,61200,64000,62400,65600,66400,63600,56900,56000
Portugal,5260,5730,5990,6370,7030,7570,7750,8660,9490,10900,11100,12800,15300,16200,17200,18000,19300,19300,18500,20800,22500,23000,25100,25500,24700,21900,22300,21700,22100,28700,28300,29200,33300,31100,31000,34300,33400,34900,39700,40500,38600,40300,42500,38500,38300,39700,34900,34200,33100,31100,29300,26500,23800,24300,24200
Qatar,176,161,191,194,154,169,154,216,242,304,301,337,381,462,513,418,1200,1590,1500,1400,1610,2230,2460,2620,2520,2290,2360,2270,2250,2640,2740,3050,4460,4520,4050,5610,5630,9030,11900,8500,9820,15600,14600,13400,8810,10900,18700,12500,14400,14800,15200,10100,8290,11800,5500
Romania,16700,16600,18100,19400,18600,20200,20900,22900,24800,27900,34000,35900,37800,42500,39500,42500,48000,52600,59700,60200,58400,51300,50500,46500,46700,48800,53500,61500,56200,57300,55400,44000,35100,38800,35200,39900,39500,38400,33900,28400,27200,32000,30400,29800,27200,26300,28600,28300,26500,23800,23800,23600,23100,22100,22200
Russia,,,,,,,,,,,,,,,,,,,,,,,,,,,,,,,,,583000,535000,402000,379000,355000,336000,330000,324000,333000,335000,324000,329000,327000,332000,346000,339000,370000,359000,344000,397000,425000,386000,394000
Rwanda,106,132,84.3,84.3,36.7,47.7,44,40.3,51.3,55,58.7,62.3,66,66,69.7,176,268,268,290,293,495,598,609,693,631,612,594,579,667,653,510,458,458,462,466,458,458,466,458,477,488,484,480,469,477,477,477,502,491,524,539,612,686,744,770
Samoa,14.7,18.3,18.3,22,25.7,29.3,25.7,25.7,29.3,29.3,29.3,36.7,36.7,36.7,33,58.7,47.7,80.7,106,95.3,99,103,114,114,114,114,114,114,114,121,103,106,110,110,114,117,125,128,132,136,143,147,147,154,150,161,165,172,180,187,187,202,198,198,198
Sao Tome and Principe,11,11,11,7.33,11,11,11,11,14.7,14.7,14.7,11,11,14.7,18.3,18.3,29.3,29.3,33,33,40.3,44,47.7,55,51.3,55,51.3,51.3,47.7,47.7,47.7,47.7,47.7,47.7,47.7,47.7,47.7,47.7,47.7,47.7,47.7,51.3,58.7,66,73.3,77,84.3,84.3,84.3,91.7,99,103,114,114,114
Saudi Arabia,2630,3520,6140,6820,5680,2120,4110,4470,5440,8050,16400,21200,17200,20600,22000,25600,27900,44400,50400,70600,72100,81200,96200,117000,109000,123000,147000,131000,135000,134000,88500,150000,164000,186000,175000,151000,169000,124000,115000,135000,199000,205000,220000,217000,263000,257000,284000,259000,289000,326000,360000,336000,387000,360000,413000
Senegal,744,722,722,766,821,1600,1620,616,180,389,1190,1230,1290,1400,1690,2400,1580,2080,2450,2710,3160,3110,2870,2430,3120,2480,2480,2270,2530,3490,2940,3170,3180,3270,3520,3060,3250,2790,2890,3190,3270,3560,3410,3830,3640,4110,2820,2880,2940,2150,4990,5050,4700,4940,5470
Serbia,,,,,,,,,,,,,,,,,,,,,,,,,,,,,,,,,,,,,,,,,,,,,,,13500,12100,10300,10200,9590,9300,8900,8220,8220
Seychelles,,,,7.33,7.33,7.33,7.33,7.33,7.33,7.33,29.3,33,44,47.7,55,58.7,80.7,84.3,77,121,95.3,99,84.3,99,99,150,165,202,198,235,150,172,172,183,202,198,235,341,433,510,572,634,539,550,737,689,733,642,693,524,444,341,440,403,495
Sierra Leone,686,260,282,356,304,271,301,253,363,1090,858,803,678,539,521,524,451,513,711,678,609,693,554,689,616,664,675,499,458,374,488,546,447,447,462,348,392,363,363,345,389,513,517,568,554,462,616,517,535,535,576,744,862,1030,1140
Singapore,1390,2090,2480,3290,3580,2420,462,2820,5120,6890,17800,16300,21700,20700,21400,23900,29400,27600,32500,35400,30400,25700,28400,33400,32000,32400,34100,31800,35300,41000,43500,44200,46500,46900,56800,37200,45000,53800,44200,46600,45700,45200,40500,20800,16300,17600,17000,5160,21000,40700,39100,28500,18200,34200,33400
Slovak Republic,,,,,,,,,,,,,,,,,,,,,,,,,,,,,,,,,7730,6640,7330,7830,6950,7280,7060,6180,4830,6700,7820,7290,7260,7800,7590,7810,8210,7380,8120,7910,7870,7660,7080
Slovenia,,,,,,,,,,,,,,,,,,,,,,,,,,,,,,,,,4750,5770,6200,6760,7740,7930,7110,7400,6700,6980,6770,6890,6990,7120,7350,7220,8410,7260,7350,7330,7120,6710,6560
Solomon Islands,11,14.7,14.7,14.7,18.3,25.7,25.7,33,36.7,36.7,40.3,47.7,55,66,66,58.7,62.3,80.7,62.3,110,103,136,121,143,143,150,154,161,158,161,147,147,143,143,139,143,143,143,143,150,150,158,158,161,161,161,165,180,187,194,198,198,198,202,202
Somalia,84.3,88,106,103,136,132,139,227,154,161,216,187,235,264,330,502,480,799,557,488,814,275,719,935,715,858,924,994,983,931,715,704,671,631,620,579,568,539,513,491,480,502,587,594,594,594,594,609,601,598,612,605,609,609,609
South Africa,9080,10400,11100,11700,15300,15100,17200,18900,17300,19900,22900,32100,30700,32800,32600,37000,37700,37900,37000,35300,30600,35000,45800,48300,46900,47000,47000,41500,44900,52900,40600,41300,34800,23500,31900,34000,32000,44500,44600,30700,33300,25900,22500,39800,54300,27900,53100,59400,63300,77200,52600,56000,56000,59900,60300
South Korea,2090,2290,2960,3930,3250,4550,6530,10500,15400,20100,27600,31600,32600,40200,41700,46100,53600,61500,69500,79000,77600,76800,75600,78800,78500,78700,82500,85800,103000,117000,129000,140000,166000,189000,203000,223000,239000,247000,188000,210000,223000,211000,211000,201000,204000,187000,178000,185000,170000,165000,175000,165000,165000,164000,156000
South Sudan,,,,,,,,,,,,,,,,,,,,,,,,,,,,,,,,,,,,,,,,,,,,,,,,,,,,,1330,1450,1500
Spain,14200,16800,21900,20400,27600,31800,39700,47600,56900,55800,72000,84100,97400,107000,123000,126000,142000,134000,146000,144000,148000,132000,124000,115000,112000,109000,99800,103000,118000,127000,120000,124000,130000,124000,134000,138000,139000,143000,151000,159000,161000,167000,168000,174000,179000,182000,182000,183000,175000,162000,156000,146000,133000,129000,129000
Sri Lanka,1530,1920,2140,2110,1770,2240,2540,2480,3020,4120,3380,2970,3350,3460,2680,2690,2580,2740,3140,3530,3120,3710,4090,4550,3630,3650,3400,3780,3290,3280,3670,3970,4770,4700,5060,5450,6590,7130,7390,8120,9730,9890,10500,10300,11400,11100,10900,11300,11100,12000,12200,13000,13100,12500,13600
St. Kitts and Nevis,11,22,14.7,18.3,18.3,22,22,22,33,25.7,25.7,29.3,29.3,29.3,36.7,33,36.7,36.7,33,36.7,51.3,55,66,51.3,51.3,51.3,58.7,55,66,66,106,106,110,114,121,128,132,143,150,161,172,176,198,198,213,198,202,216,216,224,220,231,220,224,231
St. Lucia,14.7,18.3,18.3,22,22,25.7,29.3,33,36.7,62.3,66,69.7,77,80.7,73.3,77,84.3,69.7,99,150,114,95.3,114,103,114,128,132,147,165,165,161,169,202,224,260,312,326,308,308,319,330,363,326,359,356,367,367,385,396,385,403,407,407,407,407
St. Vincent and the Grenadines,11,11,11,14.7,18.3,14.7,18.3,18.3,22,29.3,29.3,29.3,36.7,40.3,33,33,33,33,36.7,29.3,36.7,36.7,40.3,47.7,66,66,66,77,66,77,80.7,77,84.3,103,121,128,132,132,161,165,147,180,187,198,220,220,220,227,227,312,220,198,253,209,209
Sudan,1270,1300,1410,1570,1820,2370,2590,3120,3030,4100,4770,4880,5300,5320,5530,4130,3690,3730,3340,3480,3660,3570,3740,3810,3420,3980,4180,3290,4780,3690,5140,4810,4250,2900,4070,4100,4240,5280,4600,4980,5460,6270,8020,8940,11300,10800,11900,14000,14800,15300,15000,14200,12900,13700,13600
Suriname,433,429,495,532,594,774,1050,1290,1390,1450,1530,1610,1630,1990,1490,1920,1890,1800,2290,2190,2270,1940,1790,1290,1500,1570,1730,1730,1850,1830,1750,2030,2040,2020,2020,2040,2060,2080,2080,2100,2170,2330,1530,1500,1520,1550,1710,1720,1900,1970,2370,1920,2190,1840,1910
Swaziland,0,0,,,0,0,0,0,0,0,0,0,0,0,0,0,0,0,0,0,0,0,0,0,0,0,0,0,0,0,0,0,0,0,0,0,0,638,649,653,653,634,638,645,638,634,631,664,682,664,671,675,689,700,722
Sweden,37700,37900,41100,44900,49900,52900,63100,59500,69100,78000,83400,76300,77400,79500,72400,72200,80300,79100,72700,76900,64100,62800,54400,49300,46400,49400,48800,46800,44500,42600,38400,38600,38500,38500,40800,41200,41300,39200,40300,38900,37000,37300,43200,41300,39900,38400,35900,34400,36500,32400,38300,38600,35400,33000,32400
Switzerland,11100,12600,16000,19900,20800,23900,25800,27700,31400,33500,35700,37700,38600,41800,37100,35300,36700,36900,37900,35300,35100,32600,30500,33600,32300,32800,35400,33200,33600,31900,34900,35000,35500,33500,33900,31500,32100,34000,34200,33000,31100,34600,32600,31800,31800,32400,33100,29300,31300,32900,29300,28100,28300,30400,26500
Syria,2970,2790,2890,3260,4040,3330,4600,4310,5500,6570,5850,8030,6890,7100,8830,10300,12300,13000,13400,20800,19000,24500,22200,25200,30000,26500,28400,29100,30100,27400,28400,32100,31400,32800,32900,32400,33200,27700,34500,36100,34900,34300,23000,37700,34000,35500,38300,51400,53000,45200,39900,38000,29000,23600,19100
Tajikistan,,,,,,,,,,,,,,,,,,,,,,,,,,,,,,,,,2960,1800,656,671,631,631,968,1000,730,781,770,832,1080,917,1110,1530,1480,1600,1690,1460,1840,1830,2530
Tanzania,821,697,755,796,1030,1160,1340,1680,1570,1710,1670,2370,2030,3030,2150,2150,2660,1870,2080,1930,1730,1930,1970,2000,2180,2200,2140,2230,2190,1930,1990,2120,2050,2060,2100,3140,2950,2500,2050,1930,2030,2480,2870,3070,3300,4060,4350,3990,4170,3700,4480,5050,6180,7910,7760
Thailand,3300,3620,4400,4920,6840,6680,8540,10900,15600,13000,13600,17300,19700,22200,21700,21800,25800,29000,31700,32600,35700,32500,29600,33400,34600,33100,34200,38100,42700,51200,57000,61300,67400,76700,84900,100000,108000,109000,99800,105000,103000,100000,109000,121000,133000,133000,132000,125000,120000,126000,130000,124000,131000,129000,151000
TimorLeste,,,,,,,,,,,,,,,,,,,,,,,,,,,,,,,,,,,,,,,,,,,161,161,176,176,180,183,202,227,235,246,293,440,469
Togo,66,91.7,88,106,132,132,180,198,194,242,275,315,341,345,312,312,323,462,356,1380,568,484,594,429,488,407,535,583,605,642,576,649,660,689,689,777,854,777,917,1240,1010,763,832,1060,997,939,821,913,1050,2200,2050,1870,1650,1720,1710
Tonga,11,11,11,11,11,11,11,14.7,14.7,11,25.7,18.3,22,25.7,22,33,29.3,29.3,36.7,40.3,40.3,47.7,44,47.7,47.7,47.7,47.7,55,69.7,69.7,77,95.3,69.7,84.3,91.7,95.3,77,99,88,110,95.3,88,103,117,110,114,128,114,121,132,117,103,106,114,121
Trinidad and Tobago,1020,2960,5530,370,1620,2850,1300,1620,873,708,3360,2700,2960,3480,3280,2730,8170,7700,6380,7100,5760,6640,5150,1970,2900,3410,2790,2730,2920,2230,3560,3200,4860,4120,3270,3270,4320,2280,2540,3920,3850,3440,3570,4130,3330,4140,4150,5080,5180,5350,5500,5040,4480,5040,4560
Tunisia,1390,1450,1510,1650,2410,2080,2420,2480,3010,3220,3090,3670,3990,4000,4220,4420,4810,5640,6070,6910,7430,7570,7430,8640,8140,7970,8780,7220,8460,8120,8850,11300,9960,11300,9680,9020,9990,9920,10400,10300,11200,11500,11500,11700,12200,12300,12300,12200,12000,11600,11500,10800,10800,11400,11900
Turkey,4470,5720,8570,8350,10500,11500,13700,16400,18600,19700,22000,26300,30700,35800,36700,39300,43900,50700,49100,43700,45100,45100,47900,49100,49000,51000,53800,62000,58900,63200,61300,59200,63100,71500,69300,77300,81100,79300,75500,77100,81900,76000,79700,78100,77400,76300,75900,76500,74500,68100,70400,74500,76900,77500,79400
Turkmenistan,,,,,,,,,,,,,,,,,,,,,,,,,,,,,,,,,18300,9470,8820,8120,9430,9220,11800,12900,12300,11700,13300,15000,15400,15400,15000,15700,16200,15300,17000,17800,18600,19100,20000
Tuvalu,,,,,,,,,,,,,,,,,,,,,,,,,,,,,,,7.33,7.33,7.33,7.33,7.33,7.33,7.33,7.33,7.33,7.33,7.33,7.33,11,11,11,11,7.33,11,11,11,7.33,7.33,11,11,11
Uganda,385,374,400,407,455,561,675,741,906,1090,1350,1340,1300,1110,1120,1090,946,766,660,649,623,524,539,605,572,609,697,766,858,796,744,755,763,755,689,895,935,964,1100,1140,1250,1290,1310,1350,1460,1860,2220,2570,2600,2800,3250,3430,3180,3410,3710
Ukraine,,,,,,,,,,,,,,,,,,,,,,,,,,,,,,,,,120000,77600,59900,70000,52900,43800,43200,37400,29100,34300,41200,44700,46700,37200,38400,41400,39600,39500,38200,34800,32600,27600,29900
United Arab Emirates,11,11,18.3,22,18.3,22,25.7,47.7,91.7,139,539,590,810,1180,1720,2500,4340,7550,8440,9270,9020,13100,14200,14100,16200,17700,16700,16200,18300,19500,17600,17500,20600,27500,28600,22100,17000,17100,19100,15300,46700,35000,10300,28900,29300,30500,31700,33800,35100,42000,30400,22400,28400,17300,65700
United Kingdom,129000,138000,148000,157000,173000,190000,205000,212000,221000,238000,265000,270000,289000,292000,272000,241000,236000,240000,248000,253000,214000,195000,196000,187000,239000,206000,201000,194000,206000,222000,204000,207000,210000,206000,211000,203000,201000,193000,193000,197000,194000,190000,188000,189000,188000,194000,190000,185000,183000,174000,175000,165000,165000,160000,162000
United States,1280000,1300000,1340000,1360000,1400000,1470000,1530000,1590000,1690000,1780000,2040000,2100000,2270000,2400000,2300000,2240000,2300000,2440000,2490000,2420000,2220000,2040000,1930000,1930000,1960000,1960000,2050000,2100000,2180000,2170000,1990000,1960000,2010000,2050000,2080000,2080000,2130000,2190000,2240000,2270000,2320000,2330000,2300000,2380000,2430000,2450000,2390000,2380000,2240000,2150000,2170000,2110000,2080000,2060000,2110000
Uruguay,3940,3800,3720,4030,4270,5200,5070,4570,4540,5290,5430,5490,5760,5440,5340,5570,5490,5240,5390,5920,5420,5000,4540,3610,3280,3140,3010,3360,4590,4600,3740,4310,4920,4220,3710,4290,5100,5160,5240,6290,4900,4520,4080,3960,5100,5280,6120,5490,7780,7410,5820,7120,8140,7060,6230
Uzbekistan,,,,,,,,,,,,,,,,,,,,,,,,,,,,,,,,,22300,24600,20600,19200,18500,19100,19000,19800,19700,19500,19200,20500,19200,14800,14700,13300,13000,12200,10300,9710,8620,8130,7650
Vanuatu,,,29.3,29.3,29.3,33,36.7,40.3,55,44,40.3,58.7,62.3,55,62.3,55,44,51.3,58.7,62.3,62.3,51.3,51.3,55,55,121,58.7,47.7,66,62.3,66,66,62.3,62.3,62.3,66,84.3,84.3,80.7,84.3,84.3,88,84.3,84.3,58.7,58.7,47.7,99,95.3,121,121,132,114,106,154
Venezuela,14900,11600,8050,13100,11200,13600,10600,13100,13500,16100,17200,10700,14000,13400,31100,32200,26300,30000,35800,38800,49800,53400,53400,52300,48700,58200,59200,58500,61400,60800,68400,60500,73800,69300,63500,60000,46700,55500,77500,90600,84900,101000,126000,128000,87600,96400,97100,84500,101000,104000,113000,94800,110000,104000,104000
Vietnam,1800,2030,1990,2180,4180,5000,10700,15700,16100,19500,20500,17400,17700,17400,9950,9270,2150,2280,2860,3290,3760,4160,4400,4820,5200,5600,5720,6410,7960,7390,9120,7980,8530,12000,13000,13200,16000,18400,19100,20300,23200,25600,28700,29500,33900,33900,32400,37400,40500,43400,49300,47200,44200,43500,46500
Yemen,3630,2670,3890,2920,3630,3930,3470,3050,11600,4680,2510,1970,1500,2720,2220,2140,2540,2950,3070,3180,3280,4190,5830,5900,6480,7960,7690,8310,9280,9650,9180,8780,9550,8310,8670,9920,10100,12700,11600,13200,13900,15500,15000,16500,18100,19300,20600,20100,21200,22500,20100,17400,15300,21300,18700
Zambia,,,,,447,583,554,964,1080,1220,1240,1390,1490,2140,1990,2000,2040,1950,2010,2160,2100,2160,2090,2180,1570,1490,1500,1490,1550,1540,1400,1390,1410,1440,1440,1690,1280,1710,1680,1380,1340,1500,1570,1610,1710,1760,1880,1370,1580,1660,1750,2060,2530,2600,2920
Zimbabwe,,,,,1160,1690,928,1120,1250,1360,1370,1460,1610,1750,1880,2110,1650,1690,1710,1510,1680,1920,1450,1830,1830,1860,1900,1820,2300,2200,1870,2740,3040,3300,3700,4030,3990,4360,3960,4730,3290,2650,2530,2270,1820,1990,1910,1870,1610,1670,1760,3260,3690,4100,3690
